datasetKey,recordCount
01fecaae-5092-48ab-a7c4-363bd6d05d62,11
040c5662-da76-4782-a48e-cdea1892d14c,55
197908d0-5565-11d8-b290-b8a03c50a862,7
1aaec653-c71c-4695-9b6e-0e26214dd817,537
1b18bab9-abdb-41b4-83c8-368ca2e6d391,1
1d743188-1e65-4d99-a814-fa3fd51f1490,1
25e3e8f1-86ee-440c-adfc-8e63759a6505,89
34f52594-5857-44a2-aa8b-8b59c42f2ee2,706
38f06820-08c5-42b2-94f6-47cc3e83a54a,73
44bab563-a881-49e2-ae23-55f30b3ba9ec,7
4bfac3ea-8763-4f4b-a71a-76a6f5f243d3,6
4e5552d1-5eaf-40a3-b48b-01f92da22f17,134
50c9509d-22c7-4a22-a47d-8c48425ef4a7,1108
59825263-9f89-43a9-8f22-c22a6a53b8fc,2
5a2eac42-2b86-4740-bc83-c0154105749e,96
5d6c10bd-ea31-4363-8b79-58c96d859f5b,24
66f6192f-6cc0-45fd-a2d1-e76f5ae3eab2,10
69e81d22-3207-4663-9a7d-418919d7d779,48
6ac3f774-d9fb-4796-b3e9-92bf6c81c084,7
6b6f3121-d1c0-4229-b824-f73ac17695cb,1
6ed43f52-25d1-4d56-a821-63a8564b81f6,15
7a25f7aa-03fb-4322-aaeb-66719e1a9527,23
7c93d290-6c8b-11de-8226-b8a03c50a862,1
7e380070-f762-11e1-a439-00145eb45e9a,24
8138eb72-f762-11e1-a439-00145eb45e9a,2
821cc27a-e3bb-4bc5-ac34-89ada245069d,86
8407d8eb-589b-4e5f-9db2-43b93c0c577c,29
8598edb6-f762-11e1-a439-00145eb45e9a,3
87321281-4bb6-4c43-a0fc-82016e30b5cc,110
881aa3f6-f0f1-4857-b362-04b796e387d3,4
89d78af0-ad71-4136-9812-fb1d415ec933,3
8a863029-f435-446a-821e-275f4f641165,2
8e9974a4-12e2-475f-9aec-5abdf24a1f50,23
91aa3d5b-6f77-4135-a823-cef438a60dfa,11
96419bea-f762-11e1-a439-00145eb45e9a,7
96582dc4-f762-11e1-a439-00145eb45e9a,11
9a398265-f0f4-45b1-9069-016fba439e60,3
9cfa6cb6-5833-44b2-97f1-18a3c12fed47,1
b6015b60-6f96-43a9-88e5-2f41854e8f07,1
b734de06-5518-4679-94d0-7b8b0b373fb1,4
b929f23d-290f-4e85-8f17-764c55b3b284,1
bb3ce407-964b-411a-90ce-d42b394dd646,2
be00c56f-ab20-4418-9d3e-b55793638d09,117
c2e3081a-ba91-40cf-b2df-9885a24b37dc,2
d150dd98-855c-4828-a2ff-148036b00c92,5
d8cd16ba-bb74-4420-821e-083f2bac17c2,23
dc3bfd08-0141-45ae-9603-91ac50cdc33b,15
dce8feb0-6c89-11de-8225-b8a03c50a862,10
f553f8f9-b147-4f09-86e5-0d1ce1a91ce0,25
f58922e2-93ed-4703-ba22-12a0674d1b54,23
f946666e-67dc-4848-9fa8-2162f3559e33,70
fe100feb-3973-4d88-bdea-f3a216c9fb7d,6
